id,first_name,last_name,email,city,ip_address
1,Jo-anne,Whitham,jwhitham0@ebay.com,Newyork,70.74.227.239
2,Liz,Braams,lbraams1@admin.ch,Newyork,150.245.253.201
3,Crawford,Finlator,cfinlator2@last.fm,Male,195.23.229.71
4,Jelene,Janks,jjanks3@nyu.edu,Genderqueer,198.172.225.203
5,Concettina,Kirmond,ckirmond4@twitter.com,Newyork,64.129.76.222
6,Arlen,Crosscombe,acrosscombe5@gravatar.com,Male,69.154.145.89
7,Melany,Gaskin,mgaskin6@gizmodo.com,Female,115.186.18.62
8,Monty,Sarl,msarl7@newsvine.com,Male,155.87.74.132
9,Quintina,Middlehurst,qmiddlehurst8@miitbeian.gov.cn,Female,249.76.149.42
10,Avery,Verty,averty9@japanpost.jp,Male,88.13.69.116
